iter	RMSE
0	0.9854046175
50	0.6481037139
100	0.5967860665
150	0.5411066906
200	0.4941030101
250	0.451636289
300	0.4162261726
350	0.3884369224
400	0.3605271852
450	0.3379482626
500	0.3151889386
550	0.2959313427
600	0.2792205948
650	0.2643316307
700	0.2491581403
750	0.2355055896
800	0.2217349352
850	0.2094114681
900	0.1994969761
950	0.1891821352
999	0.1794356978
