id,score
0000aaaa,0.6372984322880234
2222bbbb,0.6372984322880234
4444cccc,0.6627509332180842
