id,score
0000aaaa,1.137544
2222bbbb,1.1474636
4444cccc,1.1096733
