id,score
0000aaaa,0.5992952994891395
2222bbbb,0.6009753502392251
4444cccc,0.6598469858929685
